
--Orden online 
INSERT INTO OrdenOnline (id, clienteId, nroOrden, fechaCreacion, tipoEnvioId, facturaId) VALUES
(1, 1001, 10001, '2024-01-15', 1, 5001),
(2, 1002, 10002, '2024-01-16', 2, 5002),
(3, 1003, 10003, '2024-01-17', 1, 5003),
(4, 1004, 10004, '2024-01-20', 3, 5004),
(5, 1005, 10005, '2024-02-01', 2, 5005),
(6, 1006, 10006, '2024-02-03', 1, 5006),
(7, 1007, 10007, '2024-02-05', 3, 5007),
(8, 1008, 10008, '2024-02-10', 2, 5008),
(9, 1009, 10009, '2024-02-15', 1, 5009),
(10, 1010, 10010, '2024-02-20', 3, 5010),
(11, 1011, 10011, '2024-03-01', 2, 5011),
(12, 1012, 10012, '2024-03-05', 1, 5012),
(13, 1013, 10013, '2024-03-10', 3, 5013),
(14, 1014, 10014, '2024-03-15', 2, 5014),
(15, 1015, 10015, '2024-03-20', 1, 5015),
(16, 1016, 10016, '2024-04-01', 3, 5016),
(17, 1017, 10017, '2024-04-05', 2, 5017),
(18, 1018, 10018, '2024-04-10', 1, 5018),
(19, 1019, 10019, '2024-04-15', 3, 5019),
(20, 1020, 10020, '2024-04-20', 2, 5020),
(21, 1021, 10021, '2024-05-01', 1, 5021),
(22, 1022, 10022, '2024-05-05', 3, 5022),
(23, 1023, 10023, '2024-05-10', 2, 5023),
(24, 1024, 10024, '2024-05-15', 1, 5024),
(25, 1025, 10025, '2024-05-20', 3, 5025),
(26, 1026, 10026, '2024-06-01', 2, 5026),
(27, 1027, 10027, '2024-06-05', 1, 5027),
(28, 1028, 10028, '2024-06-10', 3, 5028),
(29, 1029, 10029, '2024-06-15', 2, 5029),
(30, 1030, 10030, '2024-06-20', 1, 5030),
(31, 1031, 10031, '2025-01-01', 3, 5031),
(32, 1032, 10032, '2025-01-05', 2, 5032),
(33, 1033, 10033, '2025-01-10', 1, 5033),
(34, 1034, 10034, '2025-01-15', 3, 5034),
(35, 1035, 10035, '2025-01-20', 2, 5035),
(36, 1036, 10036, '2025-02-01', 1, 5036),
(37, 1037, 10037, '2025-02-05', 3, 5037),
(38, 1038, 10038, '2025-02-10', 2, 5038),
(39, 1039, 10039, '2025-02-15', 1, 5039),
(40, 1040, 10040, '2025-02-20', 3, 5040);

--Detalles de orden 
INSERT INTO OrdenDetalle (id, ordenId, productoId, cantidad, precioPor) VALUES
(1, 1, 100, 2, 29.99),
(2, 2, 101, 1, 45.50),
(3, 3, 102, 3, 15.75),
(4, 4, 103, 4, 89.99),
(5, 5, 104, 2, 34.25),
(6, 6, 105, 1, 19.99),
(7, 7, 106, 3, 65.00),
(8, 8, 107, 2, 39.95),
(9, 9, 108, 5, 12.50),
(10, 10, 109, 1, 75.25),
(11, 11, 110, 2, 28.99),
(12, 12, 111, 3, 55.00),
(13, 13, 112, 4, 42.75),
(14, 14, 113, 1, 33.33),
(15, 15, 114, 2, 88.88),
(16, 16, 115, 3, 22.22),
(17, 17, 116, 5, 15.99),
(18, 18, 117, 1, 66.66),
(19, 19, 118, 2, 44.44),
(20, 20, 119, 4, 77.77),
(21, 21, 120, 3, 31.25),
(22, 22, 121, 2, 59.99),
(23, 23, 122, 1, 23.45),
(24, 24, 123, 5, 82.50),
(25, 25, 124, 2, 37.89),
(26, 26, 125, 3, 14.99),
(27, 27, 126, 4, 95.00),
(28, 28, 127, 1, 27.50),
(29, 29, 128, 2, 63.75),
(30, 30, 129, 3, 41.99),
(31, 31, 130, 5, 18.88),
(32, 32, 131, 1, 72.25),
(33, 33, 132, 2, 35.55),
(34, 34, 133, 4, 49.99),
(35, 35, 134, 3, 26.66),
(36, 36, 135, 2, 91.11),
(37, 37, 136, 1, 38.88),
(38, 38, 137, 5, 17.77),
(39, 39, 138, 3, 69.99),
(40, 40, 139, 2, 52.50);

--Venta fisica 
INSERT INTO VentaFisica (facturaId, sucursalId, empleadoId) VALUES
(6001, 1, 2001),
(6002, 2, 2002),
(6003, 3, 2003),
(6004, 4, 2004),
(6005, 5, 2005),
(6006, 1, 2006),
(6007, 2, 2007),
(6008, 3, 2008),
(6009, 4, 2009),
(6010, 5, 2010),
(6011, 1, 2011),
(6012, 2, 2012),
(6013, 3, 2013),
(6014, 4, 2014),
(6015, 5, 2015),
(6016, 1, 2016),
(6017, 2, 2017),
(6018, 3, 2018),
(6019, 4, 2019),
(6020, 5, 2020),
(6021, 1, 2001),
(6022, 2, 2002),
(6023, 3, 2003),
(6024, 4, 2004),
(6025, 5, 2005),
(6026, 1, 2006),
(6027, 2, 2007),
(6028, 3, 2008),
(6029, 4, 2009),
(6030, 5, 2010),
(6031, 1, 2011),
(6032, 2, 2012),
(6033, 3, 2013),
(6034, 4, 2014),
(6035, 5, 2015),
(6036, 1, 2016),
(6037, 2, 2017),
(6038, 3, 2018),
(6039, 4, 2019),
(6040, 5, 2020),
(6041, 1, 2001),
(6042, 2, 2002),
(6043, 3, 2003),
(6044, 4, 2004),
(6045, 5, 2005),
(6046, 1, 2006),
(6047, 2, 2007),
(6048, 3, 2008),
(6049, 4, 2009),
(6050, 5, 2010),
(6051, 1, 2011),
(6052, 2, 2012),
(6053, 3, 2013),
(6054, 4, 2014),
(6055, 5, 2015),
(6056, 1, 2016),
(6057, 2, 2017),
(6058, 3, 2018),
(6059, 4, 2019),
(6060, 5, 2020);

--Factura 
INSERT INTO Factura (id, fechaEmision, clienteId, subTotal, montoDescuentoTotal, porcentajeIVA, montoIVA, montoTotal) VALUES
-- OrdenOnline (5001-5040): 40 facturas, 16 con promociones (40% de 40 = 16)
(5001, '2024-01-15', 1001, 179.97, 17.997, 16.0, 25.915, 187.888),  -- 3 productos, con promo
(5002, '2024-01-16', 1002, 136.50, 0.0, 16.0, 21.840, 158.340),
(5003, '2024-01-17', 1003, 141.75, 14.175, 16.0, 20.424, 148.999),  -- con promo
(5004, '2024-01-20', 1004, 269.97, 0.0, 16.0, 43.195, 313.165),
(5005, '2024-02-01', 1005, 102.75, 10.275, 16.0, 14.796, 107.271),  -- con promo
(5006, '2024-02-03', 1006, 119.94, 0.0, 16.0, 19.190, 139.130),
(5007, '2024-02-05', 1007, 195.00, 19.500, 16.0, 28.080, 203.580),  -- con promo
(5008, '2024-02-10', 1008, 119.85, 0.0, 16.0, 19.176, 138.996),
(5009, '2024-02-15', 1009, 187.50, 18.750, 16.0, 27.000, 195.750),  -- con promo
(5010, '2024-02-20', 1010, 225.75, 0.0, 16.0, 36.120, 261.870),
(5011, '2024-03-01', 1011, 173.94, 17.394, 16.0, 25.047, 181.593),  -- con promo
(5012, '2024-03-05', 1012, 165.00, 0.0, 16.0, 26.400, 191.400),
(5013, '2024-03-10', 1013, 171.00, 17.100, 16.0, 24.624, 178.524),  -- con promo
(5014, '2024-03-15', 1014, 133.32, 0.0, 16.0, 21.331, 154.651),
(5015, '2024-03-20', 1015, 266.64, 26.664, 16.0, 38.399, 278.375),  -- con promo
(5016, '2024-04-01', 1016, 199.98, 0.0, 16.0, 31.997, 231.977),
(5017, '2024-04-05', 1017, 159.96, 15.996, 16.0, 23.034, 166.998),  -- con promo
(5018, '2024-04-10', 1018, 199.98, 0.0, 16.0, 31.997, 231.977),
(5019, '2024-04-15', 1019, 233.31, 23.331, 16.0, 33.597, 243.576),  -- con promo
(5020, '2024-04-20', 1020, 311.08, 0.0, 16.0, 49.773, 360.853),
(5021, '2024-05-01', 1021, 187.50, 18.750, 16.0, 27.000, 195.750),  -- con promo
(5022, '2024-05-05', 1022, 179.97, 0.0, 16.0, 28.795, 208.765),
(5023, '2024-05-10', 1023, 140.67, 14.067, 16.0, 20.256, 146.859),  -- con promo
(5024, '2024-05-15', 1024, 247.50, 0.0, 16.0, 39.600, 287.100),
(5025, '2024-05-20', 1025, 227.34, 22.734, 16.0, 32.737, 237.343),  -- con promo
(5026, '2024-06-01', 1026, 179.88, 0.0, 16.0, 28.781, 208.661),
(5027, '2024-06-05', 1027, 285.00, 28.500, 16.0, 41.040, 297.540),  -- con promo
(5028, '2024-06-10', 1028, 164.97, 0.0, 16.0, 26.395, 191.365),
(5029, '2024-06-15', 1029, 191.25, 19.125, 16.0, 27.540, 199.665),  -- con promo
(5030, '2024-06-20', 1030, 251.94, 0.0, 16.0, 40.310, 292.250),
(5031, '2025-01-01', 1031, 282.00, 28.200, 16.0, 40.608, 294.408),  -- con promo
(5032, '2025-01-05', 1032, 216.75, 0.0, 16.0, 34.680, 251.430),
(5033, '2025-01-10', 1033, 211.98, 0.0, 16.0, 33.917, 245.897),
(5034, '2025-01-15', 1034, 299.97, 0.0, 16.0, 47.995, 347.965),
(5035, '2025-01-20', 1035, 199.98, 19.998, 16.0, 28.799, 208.781),  -- con promo
(5036, '2025-02-01', 1036, 273.33, 0.0, 16.0, 43.733, 317.063),
(5037, '2025-02-05', 1037, 232.98, 0.0, 16.0, 37.277, 270.257),
(5038, '2025-02-10', 1038, 266.55, 0.0, 16.0, 42.648, 309.198),
(5039, '2025-02-15', 1039, 209.97, 0.0, 16.0, 33.595, 243.565),
(5040, '2025-02-20', 1040, 315.00, 0.0, 16.0, 50.400, 365.400),
-- VentaFisica (6001-6060): 60 facturas, 24 con promociones (40% de 60 = 24)
(6001, '2024-01-10', 1041, 225.00, 22.500, 16.0, 32.400, 234.900),  -- con promo
(6002, '2024-01-11', 1042, 180.00, 0.0, 16.0, 28.800, 208.800),
(6003, '2024-01-12', 1043, 240.00, 24.000, 16.0, 34.560, 250.560),  -- con promo
(6004, '2024-01-13', 1044, 195.00, 0.0, 16.0, 31.200, 226.200),
(6005, '2024-01-14', 1045, 210.00, 21.000, 16.0, 30.240, 219.240),  -- con promo
(6006, '2024-01-15', 1046, 255.00, 0.0, 16.0, 40.800, 295.800),
(6007, '2024-01-16', 1047, 270.00, 27.000, 16.0, 38.880, 281.880),  -- con promo
(6008, '2024-01-17', 1048, 165.00, 0.0, 16.0, 26.400, 191.400),
(6009, '2024-01-18', 1049, 285.00, 28.500, 16.0, 41.040, 297.540),  -- con promo
(6010, '2024-01-19', 1050, 300.00, 0.0, 16.0, 48.000, 348.000),
(6011, '2024-01-20', 1051, 195.00, 19.500, 16.0, 28.080, 203.580),  -- con promo
(6012, '2024-01-21', 1052, 225.00, 0.0, 16.0, 36.000, 261.000),
(6013, '2024-01-22', 1053, 240.00, 24.000, 16.0, 34.560, 250.560),  -- con promo
(6014, '2024-01-23', 1054, 180.00, 0.0, 16.0, 28.800, 208.800),
(6015, '2024-01-24', 1055, 255.00, 25.500, 16.0, 36.720, 266.220),  -- con promo
(6016, '2024-01-25', 1056, 270.00, 0.0, 16.0, 43.200, 313.200),
(6017, '2024-01-26', 1057, 210.00, 21.000, 16.0, 30.240, 219.240),  -- con promo
(6018, '2024-01-27', 1058, 195.00, 0.0, 16.0, 31.200, 226.200),
(6019, '2024-01-28', 1059, 300.00, 30.000, 16.0, 43.200, 313.200),  -- con promo
(6020, '2024-01-29', 1060, 285.00, 0.0, 16.0, 45.600, 330.600),
(6021, '2024-01-30', 1061, 165.00, 16.500, 16.0, 23.760, 172.260),  -- con promo
(6022, '2024-02-01', 1062, 225.00, 0.0, 16.0, 36.000, 261.000),
(6023, '2024-02-02', 1063, 240.00, 24.000, 16.0, 34.560, 250.560),  -- con promo
(6024, '2024-02-03', 1064, 255.00, 0.0, 16.0, 40.800, 295.800),
(6025, '2024-02-04', 1065, 270.00, 27.000, 16.0, 38.880, 281.880),  -- con promo
(6026, '2024-02-05', 1066, 195.00, 0.0, 16.0, 31.200, 226.200),
(6027, '2024-02-06', 1067, 210.00, 21.000, 16.0, 30.240, 219.240),  -- con promo
(6028, '2024-02-07', 1068, 300.00, 0.0, 16.0, 48.000, 348.000),
(6029, '2024-02-08', 1069, 285.00, 28.500, 16.0, 41.040, 297.540),  -- con promo
(6030, '2024-02-09', 1070, 165.00, 0.0, 16.0, 26.400, 191.400),
(6031, '2024-02-10', 1071, 225.00, 22.500, 16.0, 32.400, 234.900),  -- con promo
(6032, '2024-02-11', 1072, 240.00, 0.0, 16.0, 38.400, 278.400),
(6033, '2024-02-12', 1073, 255.00, 25.500, 16.0, 36.720, 266.220),  -- con promo
(6034, '2024-02-13', 1074, 270.00, 0.0, 16.0, 43.200, 313.200),
(6035, '2024-02-14', 1075, 195.00, 19.500, 16.0, 28.080, 203.580),  -- con promo
(6036, '2024-02-15', 1076, 210.00, 0.0, 16.0, 33.600, 243.600),
(6037, '2024-02-16', 1077, 300.00, 30.000, 16.0, 43.200, 313.200),  -- con promo
(6038, '2024-02-17', 1078, 285.00, 0.0, 16.0, 45.600, 330.600),
(6039, '2024-02-18', 1079, 165.00, 16.500, 16.0, 23.760, 172.260),  -- con promo
(6040, '2024-02-19', 1080, 225.00, 0.0, 16.0, 36.000, 261.000),
(6041, '2024-02-20', 1081, 240.00, 24.000, 16.0, 34.560, 250.560),  -- con promo
(6042, '2024-02-21', 1082, 255.00, 0.0, 16.0, 40.800, 295.800),
(6043, '2024-02-22', 1083, 270.00, 27.000, 16.0, 38.880, 281.880),  -- con promo
(6044, '2024-02-23', 1084, 195.00, 0.0, 16.0, 31.200, 226.200),
(6045, '2024-02-24', 1085, 210.00, 0.0, 16.0, 33.600, 243.600),
(6046, '2024-02-25', 1086, 300.00, 30.000, 16.0, 43.200, 313.200),  -- con promo
(6047, '2024-02-26', 1087, 285.00, 0.0, 16.0, 45.600, 330.600),
(6048, '2024-02-27', 1088, 165.00, 0.0, 16.0, 26.400, 191.400),
(6049, '2024-02-28', 1089, 225.00, 22.500, 16.0, 32.400, 234.900),  -- con promo
(6050, '2024-03-01', 1090, 240.00, 0.0, 16.0, 38.400, 278.400),
(6051, '2024-03-02', 1091, 255.00, 0.0, 16.0, 40.800, 295.800),
(6052, '2024-03-03', 1092, 270.00, 0.0, 16.0, 43.200, 313.200),
(6053, '2024-03-04', 1093, 195.00, 19.500, 16.0, 28.080, 203.580),  -- con promo
(6054, '2024-03-05', 1094, 210.00, 0.0, 16.0, 33.600, 243.600),
(6055, '2024-03-06', 1095, 300.00, 0.0, 16.0, 48.000, 348.000),
(6056, '2024-03-07', 1096, 285.00, 0.0, 16.0, 45.600, 330.600),
(6057, '2024-03-08', 1097, 165.00, 16.500, 16.0, 23.760, 172.260),  -- con promo
(6058, '2024-03-09', 1098, 225.00, 0.0, 16.0, 36.000, 261.000),
(6059, '2024-03-10', 1099, 240.00, 0.0, 16.0, 38.400, 278.400),
(6060, '2024-03-11', 1100, 255.00, 0.0, 16.0, 40.800, 295.800);

--Detalle de factura 
INSERT INTO FacturaDetalle (id, facturaId, productoId, cantidad, precioPor) VALUES
-- OrdenOnline (5001-5040)
(1, 5001, 100, 2, 29.99), (2, 5001, 101, 3, 45.50), (3, 5001, 102, 1, 23.49),  -- Total: 179.97
(4, 5002, 102, 3, 15.75), (5, 5002, 103, 1, 89.25), (6, 5002, 104, 1, 34.25),  -- Total: 136.50
(7, 5003, 104, 1, 34.25), (8, 5003, 105, 1, 42.50), (9, 5003, 106, 1, 65.00),  -- Total: 141.75
(10, 5004, 105, 3, 19.99), (11, 5004, 106, 2, 65.00), (12, 5004, 107, 2, 39.99), -- Total: 269.97
(13, 5005, 107, 1, 39.95), (14, 5005, 108, 1, 12.50), (15, 5005, 109, 1, 50.30), -- Total: 102.75
(16, 5006, 108, 2, 12.50), (17, 5006, 109, 1, 75.25), (18, 5006, 110, 1, 19.69), -- Total: 119.94
(19, 5007, 110, 2, 28.99), (20, 5007, 111, 1, 94.27), (21, 5007, 112, 1, 42.74), -- Total: 195.00
(22, 5008, 112, 1, 42.75), (23, 5008, 113, 1, 33.33), (24, 5008, 114, 1, 43.77), -- Total: 119.85
(25, 5009, 113, 1, 33.33), (26, 5009, 114, 2, 65.00), (27, 5009, 115, 1, 24.17), -- Total: 187.50
(28, 5010, 115, 2, 22.22), (29, 5010, 116, 2, 45.50), (30, 5010, 117, 1, 90.31), -- Total: 225.75
(31, 5011, 117, 1, 66.66), (32, 5011, 118, 1, 65.00), (33, 5011, 119, 1, 42.28), -- Total: 173.94
(34, 5012, 119, 2, 77.77), (35, 5012, 120, 1, 9.46), (36, 5012, 121, 1, 59.99),  -- Total: 165.00
(37, 5013, 120, 2, 31.25), (38, 5013, 121, 1, 53.80), (39, 5013, 122, 1, 54.90), -- Total: 171.00
(40, 5014, 122, 1, 23.45), (41, 5014, 123, 1, 71.98), (42, 5014, 124, 1, 37.89), -- Total: 133.32
(43, 5015, 124, 2, 37.89), (44, 5015, 125, 1, 90.86), (45, 5015, 126, 2, 50.00), -- Total: 266.64
(46, 5016, 126, 2, 86.24), (47, 5016, 127, 1, 27.50), (48, 5016, 128, 1, 65.00), -- Total: 199.98
(49, 5017, 127, 1, 27.50), (50, 5017, 128, 1, 90.47), (51, 5017, 129, 1, 41.99), -- Total: 159.96
(52, 5018, 129, 2, 41.99), (53, 5018, 130, 1, 65.00), (54, 5018, 131, 1, 50.99), -- Total: 199.98
(55, 5019, 131, 1, 72.25), (56, 5019, 132, 2, 65.00), (57, 5019, 133, 1, 31.06), -- Total: 233.31
(58, 5020, 133, 2, 49.99), (59, 5020, 134, 2, 65.00), (60, 5020, 135, 1, 81.10), -- Total: 311.08
(61, 5021, 135, 2, 65.00), (62, 5021, 136, 1, 38.88), (63, 5021, 137, 1, 18.62), -- Total: 187.50
(64, 5022, 136, 1, 38.88), (65, 5022, 137, 2, 65.00), (66, 5022, 138, 1, 11.09), -- Total: 179.97
(67, 5023, 138, 1, 65.00), (68, 5023, 139, 1, 45.67), (69, 5023, 100, 1, 30.00), -- Total: 140.67
(70, 5024, 139, 2, 52.50), (71, 5024, 100, 2, 29.99), (72, 5024, 101, 2, 41.01), -- Total: 247.50
(73, 5025, 101, 2, 45.50), (74, 5025, 102, 3, 15.75), (75, 5025, 103, 1, 89.09), -- Total: 227.34
(76, 5026, 104, 1, 34.25), (77, 5026, 105, 3, 19.99), (78, 5026, 106, 2, 42.83), -- Total: 179.88
(79, 5027, 107, 3, 39.95), (80, 5027, 108, 2, 50.00), (81, 5027, 109, 1, 65.15), -- Total: 285.00
(82, 5028, 110, 1, 28.99), (83, 5028, 111, 2, 55.00), (84, 5028, 112, 1, 25.98), -- Total: 164.97
(85, 5029, 113, 2, 33.33), (86, 5029, 114, 1, 88.88), (87, 5029, 115, 1, 35.61), -- Total: 191.25
(88, 5030, 116, 3, 15.99), (89, 5030, 117, 2, 66.66), (90, 5030, 118, 1, 70.65), -- Total: 251.94
(91, 5031, 119, 2, 77.77), (92, 5031, 120, 1, 65.00), (93, 5031, 121, 1, 61.46), -- Total: 282.00
(94, 5032, 122, 2, 23.45), (95, 5032, 123, 2, 65.00), (96, 5032, 124, 1, 39.85), -- Total: 216.75
(97, 5033, 125, 2, 14.99), (98, 5033, 126, 2, 65.00), (99, 5033, 127, 1, 51.99), -- Total: 211.98
(100, 5034, 128, 2, 63.75), (101, 5034, 129, 2, 65.00), (102, 5034, 130, 1, 42.47), -- Total: 299.97
(103, 5035, 131, 2, 72.25), (104, 5035, 132, 1, 35.55), (105, 5035, 133, 1, 20.18), -- Total: 199.98
(106, 5036, 134, 3, 26.66), (107, 5036, 135, 2, 91.11), (108, 5036, 136, 1, 11.13), -- Total: 273.33
(109, 5037, 137, 2, 65.00), (110, 5037, 138, 1, 65.00), (111, 5037, 139, 1, 37.98), -- Total: 232.98
(112, 5038, 100, 3, 29.99), (113, 5038, 101, 2, 45.50), (114, 5038, 102, 2, 42.79), -- Total: 266.55
(115, 5039, 103, 1, 89.99), (116, 5039, 104, 2, 34.25), (117, 5039, 105, 1, 51.48), -- Total: 209.97
(118, 5040, 106, 3, 65.00), (119, 5040, 107, 2, 39.95), (120, 5040, 108, 1, 40.60), -- Total: 315.00
-- VentaFisica (6001-6060)
(121, 6001, 140, 2, 67.50), (122, 6001, 141, 1, 90.00), (123, 6001, 142, 1, 67.50), -- Total: 225.00
(124, 6002, 142, 2, 50.00), (125, 6002, 143, 1, 80.00), (126, 6002, 144, 1, 50.00), -- Total: 180.00
(127, 6003, 143, 1, 80.00), (128, 6003, 144, 2, 70.00), (129, 6003, 145, 1, 20.00), -- Total: 240.00
(130, 6004, 145, 2, 65.00), (131, 6004, 146, 1, 65.00), (132, 6004, 147, 1, 65.00), -- Total: 195.00
(133, 6005, 146, 2, 84.00), (134, 6005, 147, 1, 42.00), (135, 6005, 148, 1, 42.00), -- Total: 210.00
(136, 6006, 147, 2, 75.00), (137, 6006, 148, 1, 30.00), (138, 6006, 149, 1, 75.00), -- Total: 255.00
(139, 6007, 149, 2, 90.00), (140, 6007, 150, 1, 90.00), (141, 6007, 151, 1, 90.00), -- Total: 270.00
(142, 6008, 150, 2, 41.25), (143, 6008, 151, 1, 41.25), (144, 6008, 152, 1, 82.50), -- Total: 165.00
(145, 6009, 151, 2, 95.00), (146, 6009, 152, 1, 95.00), (147, 6009, 153, 1, 95.00), -- Total: 285.00
(148, 6010, 153, 2, 100.00), (149, 6010, 154, 1, 100.00), (150, 6010, 155, 1, 100.00), -- Total: 300.00
(151, 6011, 154, 2, 65.00), (152, 6011, 155, 1, 65.00), (153, 6011, 156, 1, 65.00), -- Total: 195.00
(154, 6012, 155, 1, 112.50), (155, 6012, 156, 1, 112.50), (156, 6012, 157, 1, 112.50), -- Total: 225.00
(157, 6013, 156, 1, 80.00), (158, 6013, 157, 2, 80.00), (159, 6013, 158, 1, 80.00), -- Total: 240.00
(160, 6014, 158, 2, 60.00), (161, 6014, 159, 1, 60.00), (162, 6014, 140, 1, 60.00), -- Total: 180.00
(163, 6015, 159, 2, 63.75), (164, 6015, 140, 1, 63.75), (165, 6015, 141, 1, 63.75), -- Total: 255.00
(166, 6016, 140, 1, 135.00), (167, 6016, 141, 1, 135.00), (168, 6016, 142, 1, 135.00), -- Total: 270.00
(169, 6017, 141, 2, 70.00), (170, 6017, 142, 1, 70.00), (171, 6017, 143, 1, 70.00), -- Total: 210.00
(172, 6018, 142, 2, 65.00), (173, 6018, 143, 1, 65.00), (174, 6018, 144, 1, 65.00), -- Total: 195.00
(175, 6019, 143, 1, 150.00), (176, 6019, 144, 1, 150.00), (177, 6019, 145, 1, 150.00), -- Total: 300.00
(178, 6020, 145, 2, 95.00), (179, 6020, 146, 1, 95.00), (180, 6020, 147, 1, 95.00), -- Total: 285.00
(181, 6021, 146, 2, 41.25), (182, 6021, 147, 1, 41.25), (183, 6021, 148, 1, 82.50), -- Total: 165.00
(184, 6022, 147, 1, 112.50), (185, 6022, 148, 1, 112.50), (186, 6022, 149, 1, 112.50), -- Total: 225.00
(187, 6023, 148, 1, 120.00), (188, 6023, 149, 1, 60.00), (189, 6023, 150, 1, 60.00), -- Total: 240.00
(190, 6024, 149, 2, 85.00), (191, 6024, 150, 1, 85.00), (192, 6024, 151, 1, 85.00), -- Total: 255.00
(193, 6025, 150, 2, 90.00), (194, 6025, 151, 1, 90.00), (195, 6025, 152, 1, 90.00), -- Total: 270.00
(196, 6026, 151, 1, 97.50), (197, 6026, 152, 1, 97.50), (198, 6026, 153, 1, 97.50), -- Total: 195.00
(199, 6027, 152, 1, 105.00), (200, 6027, 153, 1, 105.00), (201, 6027, 154, 1, 105.00), -- Total: 210.00
(202, 6028, 153, 1, 100.00), (203, 6028, 154, 1, 100.00), (204, 6028, 155, 1, 100.00), -- Total: 300.00
(205, 6029, 154, 1, 95.00), (206, 6029, 155, 1, 95.00), (207, 6029, 156, 1, 95.00), -- Total: 285.00
(208, 6030, 155, 1, 55.00), (209, 6030, 156, 1, 55.00), (210, 6030, 157, 1, 55.00), -- Total: 165.00
(211, 6031, 156, 1, 75.00), (212, 6031, 157, 1, 75.00), (213, 6031, 158, 1, 75.00), -- Total: 225.00
(214, 6032, 157, 1, 80.00), (215, 6032, 158, 1, 80.00), (216, 6032, 159, 1, 80.00), -- Total: 240.00
(217, 6033, 158, 2, 85.00), (218, 6033, 159, 1, 85.00), (219, 6033, 140, 1, 85.00), -- Total: 255.00
(220, 6034, 159, 1, 90.00), (221, 6034, 140, 1, 90.00), (222, 6034, 141, 1, 90.00), -- Total: 270.00
(223, 6035, 140, 1, 65.00), (224, 6035, 141, 1, 65.00), (225, 6035, 142, 1, 65.00), -- Total: 195.00
(226, 6036, 141, 2, 70.00), (227, 6036, 142, 1, 70.00), (228, 6036, 143, 1, 70.00), -- Total: 210.00
(229, 6037, 142, 1, 100.00), (230, 6037, 143, 1, 100.00), (231, 6037, 144, 1, 100.00), -- Total: 300.00
(232, 6038, 143, 1, 95.00), (233, 6038, 144, 1, 95.00), (234, 6038, 145, 1, 95.00), -- Total: 285.00
(235, 6039, 144, 1, 55.00), (236, 6039, 145, 1, 55.00), (237, 6039, 146, 1, 55.00), -- Total: 165.00
(238, 6040, 145, 2, 75.00), (239, 6040, 146, 1, 75.00), (240, 6040, 147, 1, 75.00), -- Total: 225.00
(241, 6041, 146, 2, 80.00), (242, 6041, 147, 1, 80.00), (243, 6041, 148, 1, 80.00), -- Total: 240.00
(244, 6042, 147, 1, 85.00), (245, 6042, 148, 1, 85.00), (246, 6042, 149, 1, 85.00), -- Total: 255.00
(247, 6043, 148, 1, 90.00), (248, 6043, 149, 1, 90.00), (249, 6043, 150, 1, 90.00), -- Total: 270.00
(250, 6044, 149, 2, 65.00), (251, 6044, 150, 1, 65.00), (252, 6044, 151, 1, 65.00), -- Total: 195.00
(253, 6045, 150, 2, 70.00), (254, 6045, 151, 1, 70.00), (255, 6045, 152, 1, 70.00), -- Total: 210.00
(256, 6046, 151, 1, 100.00), (257, 6046, 152, 1, 100.00), (258, 6046, 153, 1, 100.00), -- Total: 300.00
(259, 6047, 152, 1, 95.00), (260, 6047, 153, 1, 95.00), (261, 6047, 154, 1, 95.00), -- Total: 285.00
(262, 6048, 153, 1, 95.00), (263, 6048, 154, 1, 95.00), (264, 6048, 155, 1, 95.00), -- Total: 285.00
(265, 6049, 154, 2, 75.00), (266, 6049, 155, 1, 75.00), (267, 6049, 156, 1, 75.00), -- Total: 225.00
(268, 6050, 155, 2, 80.00), (269, 6050, 156, 1, 80.00), (270, 6050, 157, 1, 80.00), -- Total: 240.00
(271, 6051, 156, 2, 85.00), (272, 6051, 157, 1, 85.00), (273, 6051, 158, 1, 85.00), -- Total: 255.00
(274, 6052, 157, 2, 90.00), (275, 6052, 158, 1, 90.00), (276, 6052, 159, 1, 90.00), -- Total: 270.00
(277, 6053, 158, 2, 65.00), (278, 6053, 159, 1, 65.00), (279, 6053, 140, 1, 65.00), -- Total: 195.00
(280, 6054, 159, 2, 70.00), (281, 6054, 140, 1, 70.00), (282, 6054, 141, 1, 70.00), -- Total: 210.00
(283, 6055, 140, 1, 100.00), (284, 6055, 141, 1, 100.00), (285, 6055, 142, 1, 100.00), -- Total: 300.00
(286, 6056, 141, 2, 95.00), (287, 6056, 142, 1, 95.00), (288, 6056, 143, 1, 95.00), -- Total: 285.00
(289, 6057, 142, 2, 55.00), (290, 6057, 143, 1, 55.00), (291, 6057, 144, 1, 55.00), -- Total: 165.00
(292, 6058, 143, 2, 75.00), (293, 6058, 144, 1, 75.00), (294, 6058, 145, 1, 75.00), -- Total: 225.00
(295, 6059, 144, 2, 80.00), (296, 6059, 145, 1, 80.00), (297, 6059, 146, 1, 80.00), -- Total: 240.00
(298, 6060, 145, 2, 85.00), (299, 6060, 146, 1, 85.00), (300, 6060, 147, 1, 85.00); -- Total: 255.00

--Pago 
INSERT INTO Pago (facturaId, nroTransaccion, metodoPagoId) VALUES
-- OrdenOnline (5001-5040): 40 facturas
(5001, 'TX-20240115-0001', 1),  -- Tarjeta de crédito
(5002, 'TX-20240116-0002', 3),  -- PayPal
(5003, 'TX-20240117-0003', 4),  -- Transferencia bancaria
(5004, 'TX-20240120-0004', 7),  -- Criptomonedas
(5005, 'TX-20240201-0005', 8),  -- Pago móvil
(5006, 'TX-20240203-0006', 9),  -- Cashea
(5007, 'TX-20240205-0007', 10), -- Zelle
(5008, 'TX-20240210-0008', 1),  -- Tarjeta de crédito
(5009, 'TX-20240215-0009', 3),  -- PayPal
(5010, 'TX-20240220-0010', 4),  -- Transferencia bancaria
(5011, 'TX-20240301-0011', 7),  -- Criptomonedas
(5012, 'TX-20240305-0012', 8),  -- Pago móvil
(5013, 'TX-20240310-0013', 9),  -- Cashea
(5014, 'TX-20240315-0014', 10), -- Zelle
(5015, 'TX-20240320-0015', 1),  -- Tarjeta de crédito
(5016, 'TX-20240401-0016', 3),  -- PayPal
(5017, 'TX-20240405-0017', 4),  -- Transferencia bancaria
(5018, 'TX-20240410-0018', 7),  -- Criptomonedas
(5019, 'TX-20240415-0019', 8),  -- Pago móvil
(5020, 'TX-20240420-0020', 9),  -- Cashea
(5021, 'TX-20240501-0021', 10), -- Zelle
(5022, 'TX-20240505-0022', 1),  -- Tarjeta de crédito
(5023, 'TX-20240510-0023', 3),  -- PayPal
(5024, 'TX-20240515-0024', 4),  -- Transferencia bancaria
(5025, 'TX-20240520-0025', 7),  -- Criptomonedas
(5026, 'TX-20240601-0026', 8),  -- Pago móvil
(5027, 'TX-20240605-0027', 9),  -- Cashea
(5028, 'TX-20240610-0028', 10), -- Zelle
(5029, 'TX-20240615-0029', 1),  -- Tarjeta de crédito
(5030, 'TX-20240620-0030', 3),  -- PayPal
(5031, 'TX-20250101-0031', 4),  -- Transferencia bancaria
(5032, 'TX-20250105-0032', 7),  -- Criptomonedas
(5033, 'TX-20250110-0033', 8),  -- Pago móvil
(5034, 'TX-20250115-0034', 9),  -- Cashea
(5035, 'TX-20250120-0035', 10), -- Zelle
(5036, 'TX-20250201-0036', 1),  -- Tarjeta de crédito
(5037, 'TX-20250205-0037', 3),  -- PayPal
(5038, 'TX-20250210-0038', 4),  -- Transferencia bancaria
(5039, 'TX-20250215-0039', 7),  -- Criptomonedas
(5040, 'TX-20250220-0040', 8),  -- Pago móvil
-- VentaFisica (6001-6060): 60 facturas
(6001, 'TX-20240110-0041', 5),  -- Efectivo
(6002, 'TX-20240111-0042', 1),  -- Tarjeta de crédito
(6003, 'TX-20240112-0043', 2),  -- Tarjeta de débito
(6004, 'TX-20240113-0044', 6),  -- Cheque
(6005, 'TX-20240114-0045', 8),  -- Pago móvil
(6006, 'TX-20240115-0046', 5),  -- Efectivo
(6007, 'TX-20240116-0047', 1),  -- Tarjeta de crédito
(6008, 'TX-20240117-0048', 2),  -- Tarjeta de débito
(6009, 'TX-20240118-0049', 4),  -- Transferencia bancaria
(6010, 'TX-20240119-0050', 10), -- Zelle
(6011, 'TX-20240120-0051', 5),  -- Efectivo
(6012, 'TX-20240121-0052', 1),  -- Tarjeta de crédito
(6013, 'TX-20240122-0053', 6),  -- Cheque
(6014, 'TX-20240123-0054', 2),  -- Tarjeta de débito
(6015, 'TX-20240124-0055', 8),  -- Pago móvil
(6016, 'TX-20240125-0056', 5),  -- Efectivo
(6017, 'TX-20240126-0057', 1),  -- Tarjeta de crédito
(6018, 'TX-20240127-0058', 3),  -- PayPal
(6019, 'TX-20240128-0059', 4),  -- Transferencia bancaria
(6020, 'TX-20240129-0060', 10), -- Zelle
(6021, 'TX-20240130-0061', 5),  -- Efectivo
(6022, 'TX-20240201-0062', 2),  -- Tarjeta de débito
(6023, 'TX-20240202-0063', 6),  -- Cheque
(6024, 'TX-20240203-0064', 1),  -- Tarjeta de crédito
(6025, 'TX-20240204-0065', 8),  -- Pago móvil
(6026, 'TX-20240205-0066', 5),  -- Efectivo
(6027, 'TX-20240206-0067', 1),  -- Tarjeta de crédito
(6028, 'TX-20240207-0068', 2),  -- Tarjeta de débito
(6029, 'TX-20240208-0069', 4),  -- Transferencia bancaria
(6030, 'TX-20240209-0070', 10), -- Zelle
(6031, 'TX-20240210-0071', 5),  -- Efectivo
(6032, 'TX-20240211-0072', 6),  -- Cheque
(6033, 'TX-20240212-0073', 1),  -- Tarjeta de crédito
(6034, 'TX-20240213-0074', 2),  -- Tarjeta de débito
(6035, 'TX-20240214-0075', 8),  -- Pago móvil
(6036, 'TX-20240215-0076', 5),  -- Efectivo
(6037, 'TX-20240216-0077', 1),  -- Tarjeta de crédito
(6038, 'TX-20240217-0078', 3),  -- PayPal
(6039, 'TX-20240218-0079', 4),  -- Transferencia bancaria
(6040, 'TX-20240219-0080', 10), -- Zelle
(6041, 'TX-20240220-0081', 5),  -- Efectivo
(6042, 'TX-20240221-0082', 2),  -- Tarjeta de débito
(6043, 'TX-20240222-0083', 6),  -- Cheque
(6044, 'TX-20240223-0084', 1),  -- Tarjeta de crédito
(6045, 'TX-20240224-0085', 8),  -- Pago móvil
(6046, 'TX-20240225-0086', 5),  -- Efectivo
(6047, 'TX-20240226-0087', 1),  -- Tarjeta de crédito
(6048, 'TX-20240227-0088', 2),  -- Tarjeta de débito
(6049, 'TX-20240228-0089', 4),  -- Transferencia bancaria
(6050, 'TX-20240301-0090', 10), -- Zelle
(6051, 'TX-20240302-0091', 5),  -- Efectivo
(6052, 'TX-20240303-0092', 6),  -- Cheque
(6053, 'TX-20240304-0093', 1),  -- Tarjeta de crédito
(6054, 'TX-20240305-0094', 2),  -- Tarjeta de débito
(6055, 'TX-20240306-0095', 8),  -- Pago móvil
(6056, 'TX-20240307-0096', 5),  -- Efectivo
(6057, 'TX-20240308-0097', 1),  -- Tarjeta de crédito
(6058, 'TX-20240309-0098', 3),  -- PayPal
(6059, 'TX-20240310-0099', 4),  -- Transferencia bancaria
(6060, 'TX-20240311-0100', 10); -- Zelle

--Promocion 
INSERT INTO Promo (id, nombre, slogan, codigo, tipoDescuento, valorDescuento, fechaInicio, fechaFin, tipoPromocion) VALUES
-- Promociones estándar (28)
(1, 'Descuento de Inicio', '¡Comienza con ahorros!', 'START10', 'Porcentaje', 10.0, '2024-01-01', '2024-02-01', 'Online'),
(2, 'Verano en Sucursal', '¡Ahorra en verano!', 'SUMMER20', 'Fijo', 20.0, '2024-06-01', '2024-08-31', 'Fisica'),
(3, 'Compra Doble', '¡Más compras, más descuentos!', 'DOUBLE15', 'Porcentaje', 15.0, '2024-03-01', '2024-04-01', 'Ambos'),
(4, 'Fin de Semana Online', '¡Solo este fin de semana!', 'WEEKEND5', 'Fijo', 5.0, '2024-02-01', '2024-03-01', 'Online'),
(5, 'Lunes en Tienda', '¡Lunes de locura!', 'MONDAY25', 'Porcentaje', 25.0, '2024-04-01', '2024-05-01', 'Fisica'),
(6, 'Primavera Total', '¡Frescos descuentos!', 'SPRING30', 'Fijo', 30.0, '2024-03-15', '2024-06-15', 'Ambos'),
(7, 'Cyber Week', '¡Ofertas digitales!', 'CYBER20', 'Porcentaje', 20.0, '2024-11-25', '2024-12-02', 'Online'),
(8, 'Día de la Sucursal', '¡Visítanos hoy!', 'STORE10', 'Fijo', 10.0, '2024-05-01', '2024-06-01', 'Fisica'),
(9, 'Compra Rápida', '¡Rápido y barato!', 'FAST15', 'Porcentaje', 15.0, '2024-01-15', '2024-02-15', 'Ambos'),
(10, 'Oferta Flash', '¡Solo 24 horas!', 'FLASH50', 'Fijo', 50.0, '2024-07-01', '2024-07-02', 'Online'),
(11, 'Miércoles Especial', '¡Mitad de semana, gran oferta!', 'WED20', 'Porcentaje', 20.0, '2024-08-01', '2024-09-01', 'Fisica'),
(12, 'Todo el Mes', '¡Ahorra todo el mes!', 'MONTH25', 'Fijo', 25.0, '2024-10-01', '2024-10-31', 'Ambos'),
(13, 'Regreso a Clases', '¡Prepara el regreso!', 'BACK15', 'Porcentaje', 15.0, '2024-08-15', '2024-09-15', 'Online'),
(14, 'Fin de Año', '¡Cierra con ahorros!', 'YEAR30', 'Fijo', 30.0, '2024-12-01', '2024-12-31', 'Fisica'),
(15, 'Compra Grande', '¡Más compras, más ahorros!', 'BIG20', 'Porcentaje', 20.0, '2024-02-15', '2024-03-15', 'Ambos'),
(16, 'Oferta Nocturna', '¡Compra de noche!', 'NIGHT10', 'Fijo', 10.0, '2024-04-15', '2024-05-15', 'Online'),
(17, 'Día Soleado', '¡Ahorra bajo el sol!', 'SUN25', 'Porcentaje', 25.0, '2024-06-15', '2024-07-15', 'Fisica'),
(18, 'Semana de Lealtad', '¡Gracias por tu fidelidad!', 'LOYAL15', 'Fijo', 15.0, '2024-09-01', '2024-09-07', 'Ambos'),
(19, 'Black Friday', '¡El día más barato!', 'BLACK40', 'Porcentaje', 40.0, '2024-11-29', '2024-11-30', 'Online'),
(20, 'Sábado en Tienda', '¡Sábado de descuentos!', 'SAT20', 'Fijo', 20.0, '2024-03-01', '2024-04-01', 'Fisica'),
(21, 'Compra Segura', '¡Ahorra con confianza!', 'SAFE10', 'Porcentaje', 10.0, '2024-05-15', '2024-06-15', 'Ambos'),
(22, 'Oferta Relámpago', '¡No te la pierdas!', 'FLASH25', 'Fijo', 25.0, '2024-07-15', '2024-07-16', 'Online'),
(23, 'Día de Lluvia', '¡Ahorra en casa!', 'RAIN15', 'Porcentaje', 15.0, '2024-10-15', '2024-11-15', 'Fisica'),
(24, 'Aniversario', '¡Celebra con nosotros!', 'ANNIV30', 'Fijo', 30.0, '2024-08-01', '2024-08-31', 'Ambos'),
(25, 'Compra Temprana', '¡Anticípate y ahorra!', 'EARLY20', 'Porcentaje', 20.0, '2024-01-01', '2024-01-31', 'Online'),
(26, 'Día del Cliente', '¡Tú eres lo primero!', 'CLIENT10', 'Fijo', 10.0, '2024-09-15', '2024-10-15', 'Fisica'),
(27, 'Oferta Extendida', '¡Más tiempo para ahorrar!', 'EXT15', 'Porcentaje', 15.0, '2024-11-01', '2024-12-01', 'Ambos'),
(28, 'Promo de Medianoche', '¡Ahorra hasta tarde!', 'MIDNIGHT5', 'Fijo', 5.0, '2024-02-01', '2024-03-01', 'Online'),
-- Promociones especializadas (12)
(29, 'Coca-Cola Lovers', '¡Para fans de Coca!', 'COKE20', 'Porcentaje', 20.0, '2024-01-01', '2024-12-31', 'Ambos'),      -- Marca: Coca-Cola
(30, 'Lácteos Saludables', '¡Lácteos al mejor precio!', 'MILK25', 'Fijo', 25.0, '2024-03-01', '2024-06-01', 'Fisica'),    -- Categoría: Lácteos
(31, 'Snacks Nocturnos', '¡Snacks para la noche!', 'SNACK15', 'Porcentaje', 15.0, '2024-07-01', '2024-09-01', 'Online'), -- Categoría: Snacks
(32, 'Cerveza en Casa', '¡Celebra con Quilmes!', 'BEER30', 'Fijo', 30.0, '2024-05-01', '2024-08-01', 'Ambos'),           -- Marca: Quilmes
(33, 'Producto Estrella', '¡Nuestra estrella al mejor precio!', 'STAR10', 'Porcentaje', 10.0, '2024-06-01', '2024-07-01', 'Fisica'), -- Producto específico
(34, 'Galletas Dulces', '¡Dulzura asegurada!', 'COOKIES20', 'Fijo', 20.0, '2024-08-01', '2024-09-30', 'Online'),         -- Categoría: Galletas
(35, 'Nestlé Premium', '¡Calidad Nestlé!', 'NESTLE15', 'Porcentaje', 15.0, '2024-01-15', '2024-12-15', 'Ambos'),         -- Marca: Nestlé
(36, 'Cuidado Colgate', '¡Sonrisa perfecta!', 'COLGATE25', 'Fijo', 25.0, '2024-04-01', '2024-06-01', 'Fisica'),          -- Marca: Colgate
(37, 'Bebidas Refrescantes', '¡Refréscate ya!', 'DRINK20', 'Porcentaje', 20.0, '2024-06-15', '2024-08-15', 'Online'),   -- Categoría: Bebidas
(38, 'Sprite Party', '¡Fiesta con Sprite!', 'SPRITE30', 'Fijo', 30.0, '2024-11-01', '2024-12-31', 'Ambos'),             -- Marca: Sprite
(39, 'Cereales Mañaneros', '¡Desayuno con energía!', 'CEREAL15', 'Porcentaje', 15.0, '2024-02-01', '2024-03-01', 'Fisica'), -- Categoría: Cereales
(40, 'Producto Bimbo', '¡Pan fresco siempre!', 'BIMBO10', 'Fijo', 10.0, '2024-01-01', '2025-02-23', 'Online');          -- Producto específico (Bimbo)

--Promocion especializada
INSERT INTO PromoEspecializada (id, promoId, productoId, categoriaId, marcaId) VALUES
(1, 29, NULL, NULL, 1),      -- Coca-Cola Lovers: Solo marca Coca-Cola (1)
(2, 30, NULL, 2, NULL),      -- Lácteos Saludables: Solo categoría Lácteos (2)
(3, 31, NULL, 6, NULL),      -- Snacks Nocturnos: Solo categoría Snacks (6)
(4, 32, NULL, NULL, 13),     -- Cerveza en Casa: Solo marca Quilmes (13)
(5, 33, 100, NULL, NULL),    -- Producto Estrella: Solo producto específico (100)
(6, 34, NULL, 26, NULL),     -- Galletas Dulces: Solo categoría Galletas (26)
(7, 35, NULL, NULL, 3),      -- Nestlé Premium: Solo marca Nestlé (3)
(8, 36, NULL, NULL, 8),      -- Cuidado Colgate: Solo marca Colgate (8)
(9, 37, NULL, 1, NULL),      -- Bebidas Refrescantes: Solo categoría Bebidas (1)
(10, 38, NULL, NULL, 20),    -- Sprite Party: Solo marca Sprite (20)
(11, 39, NULL, 25, NULL),    -- Cereales Mañaneros: Solo categoría Cereales (25)
(12, 40, 101, NULL, 11);     -- Producto Bimbo: Producto (101) + marca Bimbo (11)

-- Factura promocion 
INSERT INTO FacturaPromo (facturaId, promoId) VALUES
-- OrdenOnline
(5001, 1),   
(5002, 9),   
(5003, 4),   
(5005, 15),  
(5007, 3),   
(5011, 29),  
(5013, 16),  
(5015, 6),   
(5017, 21),  
(5019, 35),  
(5021, 18),  
(5025, 31),  
(5027, 24),  
(5031, 32), 
(5035, 37),  
(5039, 40),  
-- VentaFisica 
(6001, 2),   
(6003, 5),   
(6005, 8),  
(6007, 17),  
(6009, 30),  
(6011, 3),   
(6013, 14),  
(6015, 6),   
(6017, 20),  
(6019, 29),  
(6021, 33),  
(6023, 9),   
(6025, 36),  
(6027, 15),  
(6029, 23),  
(6031, 35),  
(6033, 18),  
(6035, 26),  
(6037, 38),  
(6039, 11),  
(6041, 24),  
(6043, 32),  
(6045, 12),  
(6047, 39);  

-- TipoEnvio
INSERT INTO TipoEnvio (id, nombreEnvio, tiempoEstimadoEntrega, costoEnvio) VALUES
(1, 'Envio inmediato', 1, 50.00),
(2, 'Mismo dia', 4, 30.00),
(3, 'Al dia siguiente', 23, 20.00),
(4, 'Semana siguiente', 168, 6.00),
(5, 'Envio estandar', 72, 15.00)

-- FormaPago
INSERT INTO FormaPago (id, nombre, descripcion) VALUES
(1, 'Tarjeta de credito', 'Pago con tarjeta de credito Visa, Mastercard o Amex'),
(2, 'Tarjeta de debito', 'Pago con tarjeta de debito vinculada a una cuenta bancaria'),
(3, 'PayPal', 'Pago a traves de la plataforma PayPal'),
(4, 'Transferencia bancaria', 'Pago mediante transferencia electronica'),
(5, 'Efectivo', 'Pago en efectivo al momento de la entrega'),
(6, 'Cheque', 'Pago mediante cheque bancario'),
(7, 'Criptomonedas', 'Pago con Bitcoin, Ethereum u otras criptomonedas'),
(8, 'Pago movil', 'Pago a traves de aplicaciones moviles de cada banco'),
(9, 'Cashea', 'Pago fraccionado en varias cuotas mensuales'),
(10, 'Zelle', 'Pago a traves de aplicaciones moviles de bancos americanos');

-- Marca
INSERT INTO Marca (id, nombre, descripcion) VALUES
(1, 'Coca-Cola', 'Bebidas gaseosas y refrescos'),
(2, 'Pepsi', 'Bebidas y snacks'),
(3, 'Nestle', 'Productos alimenticios y bebidas'),
(4, 'Unilever', 'Productos de cuidado personal y alimentos'),
(5, 'Kelloggs', 'Cereales y snacks'),
(6, 'Danone', 'Productos lacteos y yogures'),
(7, 'Heinz', 'Salsas y conservas'),
(8, 'Colgate', 'Productos de higiene bucal'),
(9, 'P&G', 'Productos de limpieza y cuidado personal'),
(10, 'Lays', 'Snacks y papas fritas'),
(11, 'Bimbo', 'Pan y productos de panaderia'),
(12, 'La Serenisima', 'Productos lacteos y derivados'),
(13, 'Quilmes', 'Bebidas alcoholicas y cervezas'),
(14, 'Arcor', 'Golosinas y productos alimenticios'),
(15, 'Molinos', 'Harinas y productos alimenticios'),
(16, 'Mondelez', 'Galletas y snacks'),
(17, 'Knorr', 'Sopas y condimentos'),
(18, 'Natura', 'Productos de belleza y cuidado personal'),
(19, 'Fanta', 'Bebidas gaseosas'),
(20, 'Sprite', 'Bebidas gaseosas')

-- Categoria
INSERT INTO Categoria (id, nombre, descripcion) VALUES
(1, 'Bebidas', 'Refrescos, aguas, jugos y bebidas alcoholicas'),
(2, 'Lacteos', 'Leche, yogures, quesos y derivados'),
(3, 'Carnes', 'Carnes frescas y procesadas'),
(4, 'Frutas y Verduras', 'Productos frescos de frutas y verduras'),
(5, 'Panaderia', 'Pan, bollos y productos de reposteria'),
(6, 'Snacks', 'Papas fritas, frutos secos y golosinas'),
(7, 'Congelados', 'Alimentos congelados y listos para cocinar'),
(8, 'Limpieza', 'Productos de limpieza para el hogar'),
(9, 'Cuidado Personal', 'Jabones, champus y productos de higiene'),
(10, 'Despensa', 'Arroz, pasta, legumbres y conservas'),
(11, 'Bebidas Alcoholicas', 'Cervezas, vinos y licores'),
(12, 'Mascotas', 'Alimentos y accesorios para mascotas'),
(13, 'Farmacia', 'Medicamentos y productos de salud'),
(14, 'Hogar', 'Utensilios y articulos para el hogar'),
(15, 'Electrodomesticos', 'Pequenos electrodomesticos'),
(16, 'Bebes', 'Panales, leches y productos para bebes'),
(17, 'Helados', 'Helados y postres congelados'),
(18, 'Cafe e Infusiones', 'Cafe, te y bebidas calientes'),
(19, 'Aceites y Vinagres', 'Aceites, vinagres y aderezos'),
(20, 'Especias y Condimentos', 'Especias, sal y condimentos'),
(21, 'Dulces y Chocolates', 'Chocolates, caramelos y dulces'),
(22, 'Conservas', 'Conservas de pescado, carne y vegetales'),
(23, 'Pastas Frescas', 'Pastas frescas y listas para cocinar'),
(24, 'Salsas y Aderezos', 'Salsas, mayonesas y ketchup'),
(25, 'Cereales', 'Cereales para el desayuno'),
(26, 'Galletas', 'Galletas dulces y saladas'),
(27, 'Enlatados', 'Productos enlatados y conservados'),
(28, 'Huevos', 'Huevos frescos y derivados'),
(29, 'Pescados y Mariscos', 'Pescados y mariscos frescos'),
(30, 'Comida Preparada', 'Platos preparados y listos para consumir');

-- Pais
INSERT INTO Pais (id, nombre) VALUES
(1, 'Mexico'),
(2, 'Estados Unidos'),
(3, 'Colombia'),
(4, 'Argentina'),
(5, 'Espana'),
(6, 'Brasil'),
(7, 'Chile'),
(8, 'Peru'),
(9, 'Francia'),
(10, 'Venezuela');

-- Estado
INSERT INTO Estado (id, nombre, paisId) VALUES
-- Mexico (id=1)
(1, 'Ciudad de Mexico', 1),
(2, 'Jalisco', 1),
(3, 'Nuevo Leon', 1),
(4, 'Puebla', 1),
(5, 'Veracruz', 1),

-- Estados Unidos (id=2)
(6, 'California', 2),
(7, 'Texas', 2),
(8, 'Nueva York', 2),
(9, 'Florida', 2),
(10, 'Illinois', 2),

-- Colombia (id=3)
(11, 'Bogota D.C.', 3),
(12, 'Antioquia', 3),
(13, 'Valle del Cauca', 3),
(14, 'Santander', 3),
(15, 'Cundinamarca', 3),

-- Argentina (id=4)
(16, 'Buenos Aires', 4),
(17, 'Cordoba', 4),
(18, 'Santa Fe', 4),
(19, 'Mendoza', 4),
(20, 'Tucuman', 4),

-- Venezuela (id=10)
(21, 'Distrito Capital', 10),    
(22, 'Miranda', 10),               
(23, 'Zulia', 10),                 
(24, 'Carabobo', 10),               
(25, 'Lara', 10);

-- Ciudad
INSERT INTO Ciudad (id, nombre, estadoId) VALUES
-- Ciudad de Mexico (id=1)
(1, 'Ciudad de Mexico', 1),
(2, 'Iztapalapa', 1),
(3, 'Gustavo A. Madero', 1),

-- Jalisco (id=2)
(4, 'Guadalajara', 2),
(5, 'Zapopan', 2),
(6, 'Tlaquepaque', 2),

-- Nuevo Leon (id=3)
(7, 'Monterrey', 3),
(8, 'San Pedro Garza Garcia', 3),
(9, 'Guadalupe', 3),

-- Puebla (id=4)
(10, 'Puebla', 4),
(11, 'Tehuacan', 4),
(12, 'Cholula', 4),

-- Veracruz (id=5)
(13, 'Veracruz', 5),
(14, 'Xalapa', 5),
(15, 'Cordoba', 5),

-- California (id=6)
(16, 'Los Angeles', 6),
(17, 'San Francisco', 6),
(18, 'San Diego', 6),

-- Texas (id=7)
(19, 'Houston', 7),
(20, 'Dallas', 7),
(21, 'Austin', 7),

-- Nueva York (id=8)
(22, 'Nueva York', 8),
(23, 'Buffalo', 8),
(24, 'Rochester', 8),

-- Florida (id=9)
(25, 'Miami', 9),
(26, 'Orlando', 9),
(27, 'Tampa', 9),

-- Illinois (id=10)
(28, 'Chicago', 10),
(29, 'Springfield', 10),
(30, 'Peoria', 10),

-- Bogota D.C. (id=11)
(31, 'Bogota', 11),

-- Antioquia (id=12)
(32, 'Medellin', 12),
(33, 'Envigado', 12),
(34, 'Bello', 12),

-- Valle del Cauca (id=13)
(35, 'Cali', 13),
(36, 'Palmira', 13),
(37, 'Buenaventura', 13),

-- Santander (id=14)
(38, 'Bucaramanga', 14),
(39, 'Floridablanca', 14),
(40, 'Barrancabermeja', 14),

-- Cundinamarca (id=15)
(41, 'Soacha', 15),
(42, 'Girardot', 15),
(43, 'Facatativa', 15),

-- Buenos Aires (id=16)
(44, 'Buenos Aires', 16),
(45, 'La Plata', 16),
(46, 'Mar del Plata', 16),

-- Venezuela: Distrito Capital (id=21)
(47, 'Caracas', 21),

-- Venezuela: Miranda (id=22)
(48, 'Los Teques', 22),
(49, 'Petare', 22),

-- Venezuela: Zulia (id=23)
(50, 'Maracaibo', 23),

-- Venezuela: Distrito Capital (id=21)
(51, 'El Junquito', 21),

-- Venezuela: Miranda (id=22)
(52, 'Charallave', 22),
(53, 'Cua', 22),
(54, 'Guarenas', 22),

-- Venezuela: Zulia (id=23)
(55, 'Cabimas', 23),
(56, 'Santa Barbara del Zulia', 23),
(57, 'Ciudad Ojeda', 23),

-- Venezuela: Carabobo (id=24)
(58, 'San Joaquin', 24),
(59, 'Bejuma', 24),
(60, 'Tocuyito', 24),

-- Venezuela: Lara (id=25)
(61, 'Quibor', 25),
(62, 'El Tocuyo', 25),
(63, 'Carora', 25),
(64, 'Sanare', 25),
(65, 'Cubiro', 25);

-- Cargo
INSERT INTO Cargo (id, nombre, descripcion, salarioBasePorHora) VALUES
(1, 'Cajero', 'Atencion al cliente en caja y cobro de productos', 12.00),
(2, 'Reponedor', 'Encargado de reponer productos en estanterias', 10.00),
(3, 'Gerente de Tienda', 'Responsable de la gestion general del supermercado', 25.00),
(4, 'Auxiliar de Limpieza', 'Mantenimiento y limpieza de las instalaciones', 9.00),
(5, 'Encargado de Almacen', 'Gestiona el inventario y almacen de productos', 15.00),
(6, 'Carnicero', 'Preparacion y venta de productos carnicos', 14.00),
(7, 'Panadero', 'Elaboracion y venta de productos de panaderia', 13.00),
(8, 'Fruteria', 'Encargado de la seccion de frutas y verduras', 12.00),
(9, 'Seguridad', 'Vigilancia y control de acceso en el supermercado', 11.00),
(10, 'Atencion al Cliente', 'Resuelve dudas y quejas de los clientes', 12.00),
(11, 'Promotor', 'Encargado de promociones y degustaciones', 10.00),
(12, 'Operario de Montacargas', 'Maneja montacargas para mover mercancia', 13.00),
(13, 'Tecnico de Refrigeracion', 'Mantenimiento de equipos de refrigeracion', 16.00),
(14, 'Dependiente de Farmacia', 'Atencion en la seccion de farmacia', 14.00),
(15, 'Analista de Inventarios', 'Control y gestion de inventarios', 18.00);

